{
    "Ar36": {
        "error": 0.00050441680289270863, 
        "fit": "parabolic", 
        "value": 0.038413373127374945
    }, 
    "Ar37": {
        "error": 0.025582766603665777, 
        "fit": "linear", 
        "value": -0.095653005697257348
    }, 
    "Ar38": {
        "error": 0.013364040339628491, 
        "fit": "linear", 
        "value": 1.6394893944797437
    }, 
    "Ar39": {
        "error": 0.01988357431396089, 
        "fit": "parabolic", 
        "value": 130.86911848522018
    }, 
    "Ar40": {
        "error": 0.088728678421690438, 
        "fit": "parabolic", 
        "value": 1806.5071037232692
    }, 
    "Ar41": {
        "error": 0.0058271371231515129, 
        "fit": "average", 
        "value": -0.2071813513847883
    }
}