{
    "Ar36": {
        "error": 0.0014298468545806083, 
        "fit": "parabolic", 
        "value": 0.0012578710130477799
    }, 
    "Ar37": {
        "error": 0.2417139026274007, 
        "fit": "linear", 
        "value": 0.34160245365936825
    }, 
    "Ar38": {
        "error": 0.11005935968364626, 
        "fit": "linear", 
        "value": -0.058883078790348431
    }, 
    "Ar39": {
        "error": 0.059694023324532712, 
        "fit": "parabolic", 
        "value": 0.022985144895779772
    }, 
    "Ar40": {
        "error": 0.12309682096191926, 
        "fit": "parabolic", 
        "value": 0.075996595345803802
    }, 
    "Ar41": {
        "error": 0.11627131353837498, 
        "fit": "average_SEM", 
        "value": -0.012580076466911123
    }
}