{
    "Ar36": {
        "error": 0.00025006074123049357, 
        "fit": "parabolic", 
        "value": 0.0027296564913982181
    }, 
    "Ar37": {
        "error": 0.027535689059046197, 
        "fit": "linear", 
        "value": -0.099162515996628037
    }, 
    "Ar38": {
        "error": 0.012137932435795596, 
        "fit": "linear", 
        "value": -0.038849369283482094
    }, 
    "Ar39": {
        "error": 0.01197051737531302, 
        "fit": "parabolic", 
        "value": -0.045566092022261362
    }, 
    "Ar40": {
        "error": 0.023268512813434599, 
        "fit": "parabolic", 
        "value": 0.33278438628757867
    }, 
    "Ar41": {
        "error": 0.0057113609450930268, 
        "fit": "average", 
        "value": -0.22810397097462556
    }
}