{
    "Ar36": {
        "error": 0.0013900359128295064, 
        "fit": "parabolic", 
        "value": 0.0021524380223299265
    }, 
    "Ar37": {
        "error": 0.12722829450209358, 
        "fit": "linear", 
        "value": -0.073349936428346238
    }, 
    "Ar38": {
        "error": 0.12508585030342462, 
        "fit": "linear", 
        "value": -0.092442390782223272
    }, 
    "Ar39": {
        "error": 0.064532618122571883, 
        "fit": "parabolic", 
        "value": -0.0086200859481761639
    }, 
    "Ar40": {
        "error": 0.13777305665582223, 
        "fit": "parabolic", 
        "value": 0.11836162469500894
    }, 
    "Ar41": {
        "error": 0.11821392583182364, 
        "fit": "average_SEM", 
        "value": -0.068678122459823493
    }
}