{
    "Ar36": {
        "error": 0.0012012761579697708, 
        "fit": "parabolic", 
        "value": 0.0016024844237287211
    }, 
    "Ar37": {
        "error": 0.13810847875935817, 
        "fit": "linear", 
        "value": 0.013605717269311965
    }, 
    "Ar38": {
        "error": 0.12005290089680415, 
        "fit": "linear", 
        "value": -0.062473131344737157
    }, 
    "Ar39": {
        "error": 0.062941411145444798, 
        "fit": "parabolic", 
        "value": -0.028598525668990255
    }, 
    "Ar40": {
        "error": 0.12778605826919454, 
        "fit": "parabolic", 
        "value": 0.12434534981163076
    }, 
    "Ar41": {
        "error": 0.11594878499968163, 
        "fit": "average_SEM", 
        "value": -0.058356842520879582
    }
}