{
    "AX": {
        "error": 0.004786415679890229, 
        "fit": "average", 
        "value": -0.08691801304230466
    }, 
    "CDD": {
        "error": 3.058647961652046e-06, 
        "fit": "average", 
        "value": -3.3954830642970695e-07
    }, 
    "H1": {
        "error": 0.008613544659636391, 
        "fit": "average", 
        "value": -0.03834057626728382
    }, 
    "H2": {
        "error": 0.008024744800014142, 
        "fit": "average", 
        "value": -0.22261521373358037
    }, 
    "L1": {
        "error": 0.00823395652492801, 
        "fit": "average", 
        "value": -0.053480787894740284
    }, 
    "L2": {
        "error": 0.017954463413857823, 
        "fit": "average", 
        "value": -0.19204841268818
    }
}