{
    "AX": {
        "error": 0.004625422937377654, 
        "fit": "average", 
        "value": -0.027046655901035086
    }, 
    "CDD": {
        "error": 9.50097060476821e-06, 
        "fit": "average", 
        "value": 9.303545542328114e-05
    }, 
    "H1": {
        "error": 0.008875350810328227, 
        "fit": "average", 
        "value": -0.09054611055180431
    }, 
    "H2": {
        "error": 0.008092499908406279, 
        "fit": "average", 
        "value": -0.08766950864260757
    }, 
    "L1": {
        "error": 0.00907874595724625, 
        "fit": "average", 
        "value": -0.10779920626001614
    }, 
    "L2": {
        "error": 0.010528010461207986, 
        "fit": "average", 
        "value": -0.06669085739607301
    }
}