{
    "AX": {
        "error": 0.00404393617582215, 
        "fit": "average", 
        "value": -0.08433165923925116
    }, 
    "CDD": {
        "error": 1.4861244428293163e-05, 
        "fit": "average", 
        "value": 0.0002729945561137962
    }, 
    "H1": {
        "error": 0.008921400599245354, 
        "fit": "average", 
        "value": -0.0002371498823372854
    }, 
    "H2": {
        "error": 0.008358411482752228, 
        "fit": "average", 
        "value": -0.2587359832392799
    }, 
    "L1": {
        "error": 0.0078312381791701, 
        "fit": "average", 
        "value": -0.032256545137170176
    }, 
    "L2": {
        "error": 0.018713931782260097, 
        "fit": "average", 
        "value": -0.17033897341591203
    }
}