{
    "AX": {
        "error": 0.004774984479721689, 
        "fit": "average", 
        "value": -0.08877920343139623
    }, 
    "CDD": {
        "error": 7.83153534778999e-06, 
        "fit": "average", 
        "value": 5.738318120873171e-05
    }, 
    "H1": {
        "error": 0.009023333496443145, 
        "fit": "average", 
        "value": -0.07910857766109984
    }, 
    "H2": {
        "error": 0.008510765927747592, 
        "fit": "average", 
        "value": -0.2564574262715824
    }, 
    "L1": {
        "error": 0.009161233643563159, 
        "fit": "average", 
        "value": -0.06411032219249238
    }, 
    "L2": {
        "error": 0.016165285782902473, 
        "fit": "average", 
        "value": -0.13938248044319657
    }
}