{
    "AX": {
        "error": 0.004320917897119855, 
        "fit": "average", 
        "value": -0.08731863232808085
    }, 
    "CDD": {
        "error": 1.4895200241767287e-05, 
        "fit": "average", 
        "value": 0.00026365705468075855
    }, 
    "H1": {
        "error": 0.009138706466991667, 
        "fit": "average", 
        "value": -0.005967958419609608
    }, 
    "H2": {
        "error": 0.007684629785562243, 
        "fit": "average", 
        "value": -0.23496444998309016
    }, 
    "L1": {
        "error": 0.008218304477414425, 
        "fit": "average", 
        "value": -0.06409077276928454
    }, 
    "L2": {
        "error": 0.01900062251895807, 
        "fit": "average", 
        "value": -0.11720442277275854
    }
}