{
    "AX": {
        "error": 0.004710414980832636, 
        "fit": "average", 
        "value": -0.08792632691846747
    }, 
    "CDD": {
        "error": 8.469408766469522e-06, 
        "fit": "average", 
        "value": 6.332522686231338e-05
    }, 
    "H1": {
        "error": 0.008293071494970774, 
        "fit": "average", 
        "value": -0.04178993775276467
    }, 
    "H2": {
        "error": 0.007800361988134124, 
        "fit": "average", 
        "value": -0.24967256180825642
    }, 
    "L1": {
        "error": 0.009597249541598227, 
        "fit": "average", 
        "value": -0.06327450531793552
    }, 
    "L2": {
        "error": 0.019417212820127608, 
        "fit": "average", 
        "value": -0.18990771934816925
    }
}