{
    "AX": {
        "error": 0.004585696024600506, 
        "fit": "average", 
        "value": -0.08941309344437387
    }, 
    "CDD": {
        "error": 1.1409183857019658e-05, 
        "fit": "average", 
        "value": 0.00013378091136675922
    }, 
    "H1": {
        "error": 0.008311708659130437, 
        "fit": "average", 
        "value": -0.03167251364599603
    }, 
    "H2": {
        "error": 0.007380180656591166, 
        "fit": "average", 
        "value": -0.24476395648800664
    }, 
    "L1": {
        "error": 0.00882890753080761, 
        "fit": "average", 
        "value": -0.059118604713067825
    }, 
    "L2": {
        "error": 0.01833160317803844, 
        "fit": "average", 
        "value": -0.08690829444417937
    }
}