{
    "AX": {
        "error": 0.004377197903089717, 
        "fit": "average", 
        "value": -0.08536422642517007
    }, 
    "CDD": {
        "error": 6.052130217213767e-06, 
        "fit": "average", 
        "value": 3.106840748740877e-05
    }, 
    "H1": {
        "error": 0.00903800773063282, 
        "fit": "average", 
        "value": -0.08601460037397272
    }, 
    "H2": {
        "error": 0.007475560125828259, 
        "fit": "average", 
        "value": -0.2608257760862923
    }, 
    "L1": {
        "error": 0.008834773508484743, 
        "fit": "average", 
        "value": -0.0665703665484519
    }, 
    "L2": {
        "error": 0.019323472792340195, 
        "fit": "average", 
        "value": -0.11989552188056728
    }
}