{
    "AX": {
        "error": 0.004066936968216993, 
        "fit": "average", 
        "value": -0.08576885825192827
    }, 
    "CDD": {
        "error": 7.452260424327164e-06, 
        "fit": "average", 
        "value": 4.040590778863084e-05
    }, 
    "H1": {
        "error": 0.008908469888544551, 
        "fit": "average", 
        "value": -0.09392370268740503
    }, 
    "H2": {
        "error": 0.007374898533020781, 
        "fit": "average", 
        "value": -0.295590062910277
    }, 
    "L1": {
        "error": 0.008978466618959485, 
        "fit": "average", 
        "value": -0.0690328496305382
    }, 
    "L2": {
        "error": 0.018913703998767642, 
        "fit": "average", 
        "value": -0.0640358472087731
    }
}