{
    "AX": {
        "error": 0.00442113406215006, 
        "fit": "average", 
        "value": -0.080740555825792
    }, 
    "CDD": {
        "error": 4.0422294069430435e-06, 
        "fit": "average", 
        "value": 5.602497377468454e-06
    }, 
    "H1": {
        "error": 0.008571586584448747, 
        "fit": "average", 
        "value": -0.08889983466005004
    }, 
    "H2": {
        "error": 0.007578822535699777, 
        "fit": "average", 
        "value": -0.2839997185122532
    }, 
    "L1": {
        "error": 0.00864773884758697, 
        "fit": "average", 
        "value": -0.07645559090758777
    }, 
    "L2": {
        "error": 0.017216785735493526, 
        "fit": "average", 
        "value": -0.09485731355897668
    }
}