{
    "AX": {
        "error": 0.0045643571800716475, 
        "fit": "average", 
        "value": -0.09274139014240872
    }, 
    "CDD": {
        "error": 9.72604154831e-06, 
        "fit": "average", 
        "value": 0.00010746613758480331
    }, 
    "H1": {
        "error": 0.008235929778645415, 
        "fit": "average", 
        "value": -0.06728358407013325
    }, 
    "H2": {
        "error": 0.007384623621440001, 
        "fit": "average", 
        "value": -0.2511457643264698
    }, 
    "L1": {
        "error": 0.008094692123887737, 
        "fit": "average", 
        "value": -0.07385367236565799
    }, 
    "L2": {
        "error": 0.01705065687714293, 
        "fit": "average", 
        "value": -0.11874372588677538
    }
}