{
    "AX": {
        "error": 0.0037653043713281533, 
        "fit": "average", 
        "value": -0.08755817769375021
    }, 
    "CDD": {
        "error": 1.1725694619879431e-05, 
        "fit": "average", 
        "value": 0.00015330477621723225
    }, 
    "H1": {
        "error": 0.007955885161969148, 
        "fit": "average", 
        "value": -0.06540565817008934
    }, 
    "H2": {
        "error": 0.00817112088286934, 
        "fit": "average", 
        "value": -0.23912019808906027
    }, 
    "L1": {
        "error": 0.008367994565311595, 
        "fit": "average", 
        "value": -0.061384283763729605
    }, 
    "L2": {
        "error": 0.018177583461762802, 
        "fit": "average", 
        "value": -0.11692691569915041
    }
}