{
    "AX": {
        "error": 0.0040857241731733175, 
        "fit": "average", 
        "value": -0.08672536276668931
    }, 
    "CDD": {
        "error": 9.914603918337788e-06, 
        "fit": "average", 
        "value": 0.00010576841042267106
    }, 
    "H1": {
        "error": 0.009182263538402593, 
        "fit": "average", 
        "value": -0.02931505430670869
    }, 
    "H2": {
        "error": 0.00828263461353528, 
        "fit": "average", 
        "value": -0.2545551928820916
    }, 
    "L1": {
        "error": 0.008372824972277275, 
        "fit": "average", 
        "value": -0.05626233630658438
    }, 
    "L2": {
        "error": 0.01806049251613468, 
        "fit": "average", 
        "value": -0.15377384172299774
    }
}