{
    "AX": {
        "error": 0.0046544493440497025, 
        "fit": "average", 
        "value": -0.08658860463704816
    }, 
    "CDD": {
        "error": 1.163193985528669e-05, 
        "fit": "average", 
        "value": 0.00013462977502866932
    }, 
    "H1": {
        "error": 0.008777287028334663, 
        "fit": "average", 
        "value": -0.034993182187220855
    }, 
    "H2": {
        "error": 0.008006532952660439, 
        "fit": "average", 
        "value": -0.24386503170373747
    }, 
    "L1": {
        "error": 0.008599140010024358, 
        "fit": "average", 
        "value": -0.06807844334333721
    }, 
    "L2": {
        "error": 0.019855620765692486, 
        "fit": "average", 
        "value": -0.19817307823234134
    }
}