{
    "AX": {
        "error": 0.004454135704601485, 
        "fit": "average", 
        "value": -0.07995927854175938
    }, 
    "CDD": {
        "error": 2.703648786380744e-05, 
        "fit": "average", 
        "value": 0.0007823127913575769
    }, 
    "H1": {
        "error": 0.009170372489634369, 
        "fit": "average", 
        "value": 0.06290796452020812
    }, 
    "H2": {
        "error": 0.008473848096892587, 
        "fit": "average", 
        "value": -0.21398123093984192
    }, 
    "L1": {
        "error": 0.009726082974013475, 
        "fit": "average", 
        "value": -0.07709991967098581
    }, 
    "L2": {
        "error": 0.017265909174210142, 
        "fit": "average", 
        "value": -0.13824793266442914
    }
}