{
    "AX": {
        "error": 0.005759677255078102, 
        "fit": "average", 
        "value": -0.08672882611475265
    }, 
    "CDD": {
        "error": 1.7198701131905555e-05, 
        "fit": "average", 
        "value": 0.0002589883047373102
    }, 
    "H1": {
        "error": 0.01042729772272347, 
        "fit": "average", 
        "value": 0.028874407119595467
    }, 
    "H2": {
        "error": 0.008411194831107778, 
        "fit": "average", 
        "value": -0.22119288394072403
    }, 
    "L1": {
        "error": 0.011951743188931637, 
        "fit": "average", 
        "value": -0.07138079902312408
    }, 
    "L2": {
        "error": 0.02617850251117968, 
        "fit": "average", 
        "value": -0.13262137672087798
    }
}