{
    "AX": {
        "error": 0.0050857462315127885, 
        "fit": "average", 
        "value": -0.032253167535479105
    }, 
    "CDD": {
        "error": 2.086663059470944e-05, 
        "fit": "average", 
        "value": 0.0002819076250185996
    }, 
    "H1": {
        "error": 0.010241510032764776, 
        "fit": "average", 
        "value": 0.010872880237002391
    }, 
    "H2": {
        "error": 0.009161532579952732, 
        "fit": "average", 
        "value": -0.033447308271934165
    }, 
    "L1": {
        "error": 0.010867157130879813, 
        "fit": "average", 
        "value": -0.06250510797399329
    }, 
    "L2": {
        "error": 0.01156038601805224, 
        "fit": "average", 
        "value": -0.028730801680164102
    }
}