{
    "AX": {
        "error": 0.0054744224787762535, 
        "fit": "average", 
        "value": -0.08377727827513202
    }, 
    "CDD": {
        "error": 4.639639831747453e-06, 
        "fit": "average", 
        "value": 5.093153352693965e-07
    }, 
    "H1": {
        "error": 0.010852603928814356, 
        "fit": "average", 
        "value": -0.03458772473968565
    }, 
    "H2": {
        "error": 0.008828878065832364, 
        "fit": "average", 
        "value": -0.26432850683728853
    }, 
    "L1": {
        "error": 0.01015929521947536, 
        "fit": "average", 
        "value": -0.07270544601468222
    }, 
    "L2": {
        "error": 0.02127291954235211, 
        "fit": "average", 
        "value": -0.12022834552723603
    }
}