{
    "AX": {
        "error": 0.004315410859169975, 
        "fit": "average", 
        "value": -0.08928292975663983
    }, 
    "CDD": {
        "error": 3.0586479616520464e-06, 
        "fit": "average", 
        "value": -3.3954830642970695e-07
    }, 
    "H1": {
        "error": 0.009362849231430435, 
        "fit": "average", 
        "value": -0.07160863029485982
    }, 
    "H2": {
        "error": 0.008381642631872199, 
        "fit": "average", 
        "value": -0.26374836304587207
    }, 
    "L1": {
        "error": 0.008479112573849621, 
        "fit": "average", 
        "value": -0.08005836623876045
    }, 
    "L2": {
        "error": 0.017521770147476575, 
        "fit": "average", 
        "value": -0.12099623208503342
    }
}