{
    "AX": {
        "error": 0.005752876449226218, 
        "fit": "average", 
        "value": -0.08379383880528621
    }, 
    "CDD": {
        "error": 1.7344239780961886e-05, 
        "fit": "average", 
        "value": 0.00021696955282095586
    }, 
    "H1": {
        "error": 0.010833113629678228, 
        "fit": "average", 
        "value": -0.020136974952523208
    }, 
    "H2": {
        "error": 0.009956594964510977, 
        "fit": "average", 
        "value": -0.2491281769917502
    }, 
    "L1": {
        "error": 0.010647512547739248, 
        "fit": "average", 
        "value": -0.09016803841271516
    }, 
    "L2": {
        "error": 0.02274130551370299, 
        "fit": "average", 
        "value": -0.1604507985941988
    }
}