{
    "AX": {
        "error": 0.015849446394276902, 
        "fit": "average", 
        "value": -0.10045405912678688
    }, 
    "CDD": {
        "error": 4.217381952508041e-05, 
        "fit": "average", 
        "value": 0.00022460932323156157
    }, 
    "H1": {
        "error": 0.02449259161934873, 
        "fit": "average", 
        "value": -0.002639668999472633
    }, 
    "H2": {
        "error": 0.022498596709585504, 
        "fit": "average", 
        "value": -0.26899791322648525
    }, 
    "L1": {
        "error": 0.022032972438049456, 
        "fit": "average", 
        "value": -0.029527830728329717
    }, 
    "L2": {
        "error": 0.05138385972872533, 
        "fit": "average", 
        "value": 0.022959086811169982
    }
}