{
    "Ar36": {
        "error": 0.030018445354670714, 
        "fit": "parabolic", 
        "value": 5.70014324826208
    }, 
    "Ar37": {
        "error": 0.13624745074884481, 
        "fit": "linear", 
        "value": -0.0150432741996777
    }, 
    "Ar38": {
        "error": 0.11130852691268449, 
        "fit": "linear", 
        "value": 1.0281916282067209
    }, 
    "Ar39": {
        "error": 0.056981502355815103, 
        "fit": "parabolic", 
        "value": -0.035143618144258697
    }, 
    "Ar40": {
        "error": 0.47485351972916051, 
        "fit": "parabolic", 
        "value": 1721.3479267488183
    }, 
    "Ar41": {
        "error": 0.11566296860198572, 
        "fit": "average_SEM", 
        "value": -0.012571566535734746
    }
}