{
    "Ar36": {
        "error": 0.0016678197616821651, 
        "fit": "parabolic", 
        "value": 0.012633359688598611
    }, 
    "Ar37": {
        "error": 0.13604732394198862, 
        "fit": "linear", 
        "value": -0.017733173001055501
    }, 
    "Ar38": {
        "error": 0.11947828272783016, 
        "fit": "linear", 
        "value": -0.072757470618516076
    }, 
    "Ar39": {
        "error": 0.057242021058148247, 
        "fit": "parabolic", 
        "value": -0.017550780744853632
    }, 
    "Ar40": {
        "error": 0.12626106804971252, 
        "fit": "parabolic", 
        "value": 3.4338975442658057
    }, 
    "Ar41": {
        "error": 0.10679911791787139, 
        "fit": "average_SEM", 
        "value": -0.057568630858077084
    }
}