{
    "Ar36": {
        "error": 0.00023663810671805026, 
        "fit": "parabolic", 
        "value": 0.0025202572156920594
    }, 
    "Ar37": {
        "error": 0.022046013322243398, 
        "fit": "linear", 
        "value": -0.18115931239535032
    }, 
    "Ar38": {
        "error": 0.0097558747454272385, 
        "fit": "linear", 
        "value": -0.059674592393428968
    }, 
    "Ar39": {
        "error": 0.0083677449815210483, 
        "fit": "parabolic", 
        "value": -0.06062795673038112
    }, 
    "Ar40": {
        "error": 0.017447059356174976, 
        "fit": "parabolic", 
        "value": 0.37713759097649863
    }, 
    "Ar41": {
        "error": 0.0047613214141886111, 
        "fit": "average", 
        "value": -0.21713578060269356
    }
}