{
    "Ar36": {
        "error": 0.021979611482311409, 
        "fit": "parabolic", 
        "value": 3.080923472536182
    }, 
    "Ar37": {
        "error": 0.14697620943579515, 
        "fit": "linear", 
        "value": 13.621760900335566
    }, 
    "Ar38": {
        "error": 0.11907890835414556, 
        "fit": "linear", 
        "value": 1.0305662506081752
    }, 
    "Ar39": {
        "error": 0.070477960193468206, 
        "fit": "parabolic", 
        "value": 18.871523992525571
    }, 
    "Ar40": {
        "error": 0.35329906273538164, 
        "fit": "parabolic", 
        "value": 927.46638514431606
    }, 
    "Ar41": {
        "error": 0.11768501803339716, 
        "fit": "average_SEM", 
        "value": -0.027757486880727811
    }
}