{
    "Ar36": {
        "error": 0.00146208216181858, 
        "fit": "parabolic", 
        "value": 0.80638106518326347
    }, 
    "Ar37": {
        "error": 0.021275782608185054, 
        "fit": "linear", 
        "value": 2.5847325995209429
    }, 
    "Ar38": {
        "error": 0.0099556023153571666, 
        "fit": "linear", 
        "value": 0.65131085785809339
    }, 
    "Ar39": {
        "error": 0.0089823174475078885, 
        "fit": "parabolic", 
        "value": 7.8793526218632568
    }, 
    "Ar40": {
        "error": 0.027991862096425908, 
        "fit": "parabolic", 
        "value": 247.19585867975672
    }, 
    "Ar41": {
        "error": 0.0043308507694331073, 
        "fit": "average", 
        "value": -0.25363697188285489
    }
}