{
    "Ar36": {
        "error": 0.00052873733748570251, 
        "fit": "parabolic", 
        "value": 0.090122697766374035
    }, 
    "Ar37": {
        "error": 0.018962528339124013, 
        "fit": "linear", 
        "value": 18.342610847607311
    }, 
    "Ar38": {
        "error": 0.0099727826804246206, 
        "fit": "linear", 
        "value": 0.11883482480037386
    }, 
    "Ar39": {
        "error": 0.0088106204663027359, 
        "fit": "parabolic", 
        "value": 7.2269357639999896
    }, 
    "Ar40": {
        "error": 0.018801442611256866, 
        "fit": "parabolic", 
        "value": 29.099583859065241
    }, 
    "Ar41": {
        "error": 0.0045548408500272536, 
        "fit": "average", 
        "value": -0.23871780294656977
    }
}