{
    "Ar36": {
        "error": 0.0033618337942792446, 
        "fit": "parabolic", 
        "value": 4.6429477888712718
    }, 
    "Ar37": {
        "error": 0.017909744524878927, 
        "fit": "linear", 
        "value": 13.140066611016552
    }, 
    "Ar38": {
        "error": 0.0099050512507935385, 
        "fit": "linear", 
        "value": 2.0190675354756538
    }, 
    "Ar39": {
        "error": 0.010015899442337146, 
        "fit": "parabolic", 
        "value": 20.350155664255226
    }, 
    "Ar40": {
        "error": 0.062584856204572908, 
        "fit": "parabolic", 
        "value": 1411.7022459036655
    }, 
    "Ar41": {
        "error": 0.0041967666063813282, 
        "fit": "average", 
        "value": -0.23098649860282119
    }
}