{
    "Ar36": {
        "error": 0.0012166624605366458, 
        "fit": "parabolic", 
        "value": 0.53369626110600255
    }, 
    "Ar37": {
        "error": 0.020547917139040108, 
        "fit": "linear", 
        "value": 16.656778345093493
    }, 
    "Ar38": {
        "error": 0.0095874969875793404, 
        "fit": "linear", 
        "value": 0.63663153303186748
    }, 
    "Ar39": {
        "error": 0.010118170327036227, 
        "fit": "parabolic", 
        "value": 38.939533714282817
    }, 
    "Ar40": {
        "error": 0.024823880270709076, 
        "fit": "parabolic", 
        "value": 167.36326107002969
    }, 
    "Ar41": {
        "error": 0.0042013256301561839, 
        "fit": "average", 
        "value": -0.24420618171541719
    }
}