{
    "Ar36": {
        "error": 0.0039244427168519331, 
        "fit": "parabolic", 
        "value": 5.5149597334339298
    }, 
    "Ar37": {
        "error": 0.02071102390897905, 
        "fit": "linear", 
        "value": 41.892399440099396
    }, 
    "Ar38": {
        "error": 0.0097928901270244433, 
        "fit": "linear", 
        "value": 6.0249219609196878
    }, 
    "Ar39": {
        "error": 0.016416033925444013, 
        "fit": "parabolic", 
        "value": 127.96543750073386
    }, 
    "Ar40": {
        "error": 0.066944727115695768, 
        "fit": "parabolic", 
        "value": 1677.4697896806806
    }, 
    "Ar41": {
        "error": 0.004348663975271257, 
        "fit": "average", 
        "value": -0.2137431297134996
    }
}