{
    "Ar36": {
        "error": 0.0012204984558021252, 
        "fit": "parabolic", 
        "value": 0.49221217906005454
    }, 
    "Ar37": {
        "error": 0.018258513301322627, 
        "fit": "linear", 
        "value": 19.562823034528254
    }, 
    "Ar38": {
        "error": 0.010238916711447534, 
        "fit": "linear", 
        "value": 1.0039775726876856
    }, 
    "Ar39": {
        "error": 0.010975452649625106, 
        "fit": "parabolic", 
        "value": 39.249055829025011
    }, 
    "Ar40": {
        "error": 0.024834333618255575, 
        "fit": "parabolic", 
        "value": 148.49843652668082
    }, 
    "Ar41": {
        "error": 0.0042993347041103839, 
        "fit": "average", 
        "value": -0.25121972487463307
    }
}